Категория;Наименование;Цена;Ссылка
Готовая еда;Кофе ЛЕНТА FRESH Флэт Уайт, 250мл;119.99 ₽;https://lenta.com/product/kofe-flet-uajjt-rossiya-250ml-519619/
Готовая еда;Кофе ЛЕНТА FRESH Капучино большой, 270мл;99.99 ₽;https://lenta.com/product/kofe-kapuchino-rossiya-250ml-706206/
Готовая еда;Цыпленок табака ЛЕНТА FRESH, весовой;779.99 ₽;https://lenta.com/product/cyplenok-tabaka-ves-rossiya-67782/
Готовая еда;Сэндвич ЛЕНТА FRESH на ржаном хлебе с лососем, 150г;239.99 ₽;https://lenta.com/product/sendvich-na-rzhanom-hlebe-s-lososem-rossiya-150g-500029/
Готовая еда;Свинина ЛЕНТА FRESH в кисло-сладком соусе с гречневой лапшой, 270г;264.99 ₽;https://lenta.com/product/svinina-v-kislo-sladkom-souse-s-grechnevojj-lapshojj-rossiya-270g-686179/
Готовая еда;Люля-кебаб из говядины ЛЕНТА FRESH;249.99 ₽;https://lenta.com/product/lyulya-kebab-iz-govyadiny-rossiya-200g-905544/
Готовая еда;Биточки паровые ВКУСНО ЖИТЬ с гречкой и овощами, 250г;159.99 ₽;https://lenta.com/product/bitochki-parovye-s-grechkojj-i-ovoshchami-rossiya-250g-718155/
Готовая еда;Оладьи рыбные ЛЕНТА FRESH с овощами, весовые;300.00 ₽;https://lenta.com/product/oladi-rybnye-s-ovoshchami-ves-rossiya-547724/
Готовая еда;Блинчик ржаной;150.00 ₽;https://lenta.com/product/blinchik-rzhanojj-rossiya-890689/
Готовая еда;Яйцо перепелиное QEGG в маринаде, 240г;189.99 ₽;https://lenta.com/product/yajjco-perepelinoe-v-marinade-rossiya-240g-862788/
Готовая еда;Картофель ЛЕНТА FRESH Золотистый, весовой;117.00 ₽;https://lenta.com/product/gc-kartofel-zolotistyjj-ves-rossiya-100582/
Готовая еда;Салат ЛЕНТА FRESH Онежский, весовой;289.50 ₽;https://lenta.com/product/salat-onezhskijj-ves-rossiya-87692/
Готовая еда;Закуска из баклажан с острой аджикой;160.00 ₽;https://lenta.com/product/zakuska-iz-baklazhan-s-ostrojj-adzhikojj-rossiya-714316/
Готовая еда;Салат ЛЕНТА FRESH Сырный, весовой;244.80 ₽;https://lenta.com/product/salat-syrnyjj-ves-rossiya-11294/
Готовая еда;Бургер с куриной котлетой, 130г;99.99 ₽;https://lenta.com/product/burger-s-kurinojj-kotletojj-rossiya-130g-740248/
Готовая еда;Салат ЛЕНТА FRESH Оригинальный, весовой;260.10 ₽;https://lenta.com/product/salat-originalnyjj-ves-rossiya-370953/
Готовая еда;Блинчик шпинатный;179.82 ₽;https://lenta.com/product/blinchik-shpinatnyjj-rossiya-890690/
Готовая еда;Минтай ЛЕНТА FRESH в кляре;270.00 ₽;https://lenta.com/product/mintajj-v-klyare-rossiya-689219/
Готовая еда;Пирог с брусникой, 350г;199.99 ₽;https://lenta.com/product/pirog-s-yagodami-brusnika-rossiya-350g-720704/
Готовая еда;Набор для окрошки ЛЕНТА FRESH Вегетарианский, весовой;165.00 ₽;https://lenta.com/product/nabor-dlya-okroshki-vegetarianskijj-ves-rossiya-13636/
Готовая еда;Торт печеночный ЛЕНТА FRESH, весовой;336.03 ₽;https://lenta.com/product/tort-pechenochnyjj-ves-rossiya-62028/
Готовая еда;Пирог с клубникой, 350г;199.99 ₽;https://lenta.com/product/pirog-s-klubnikojj-rossiya-350g-720706/
Готовая еда;Уха РЕСТО ШИК По-карельски, 300г;283.49 ₽;https://lenta.com/product/uha-po-karelski-rossiya-300g-897685/
Готовая еда;Котлета рыбная ЛЕНТА FRESH, весовая;195.00 ₽;https://lenta.com/product/gc-kotleta-rybnaya-ves-rossiya-174191/
Готовая еда;Ролл ЙУМИ с тунцом и икрой Масаго, 195г;269.99 ₽;https://lenta.com/product/roll-s-tuncom-i-ikrojj-masago-rossiya-195g-897962/
Готовая еда;Салат с куриной грудкой и кус кусом, весовой;240.00 ₽;https://lenta.com/product/salat-s-kurinojj-grudkojj-i-kus-kusom-ves-rossiya-897653/
Готовая еда;Перец фаршированный, весовой;299.73 ₽;https://lenta.com/product/gc-perec-farshirovannyjj-ves-rossiya-11847/
Готовая еда;Онигири РЕСТО ШИК с крабовым мясом, 120г;109.99 ₽;https://lenta.com/product/onigiri-s-krabovym-myasom-rossiya-120g-866631/
Готовая еда;Пирог с яблоками, 350г;199.99 ₽;https://lenta.com/product/pirog-s-yablokami-rossiya-350g-720701/
Готовая еда;Оладьи печеночные ЛЕНТА FRESH с грибами, весовые;345.03 ₽;https://lenta.com/product/oladi-pechenochnye-s-gribami-ves-rossiya-180731/
Готовая еда;Набор для окрошки ЛЕНТА FRESH с ветчиной, весовой;198.00 ₽;https://lenta.com/product/nabor-dlya-okroshki-s-vetchinojj-ves-rossiya-70593/
Готовая еда;Сырники Домашние с изюмом;170.00 ₽;https://lenta.com/product/syrniki-domashnie-s-izyumom-rossiya-898820/
Готовая еда;Ролл ЙУМИ с крабовыми палочками и икрой Масаго, 225г;269.99 ₽;https://lenta.com/product/roll-s-krabovymi-palochkami-i-ikrojj-masago-rossiya-225g-897960/
Готовая еда;Сырники РУЗКОМ Классические с начинкой сгущенка вареная, 220г;179.99 ₽;https://lenta.com/product/syrniki-klassicheskie-s-nachinkojj-sgushchenka-varenaya-rossiya-220g-831491/
Готовая еда;Оладьи печеночные РЕСТО ШИК с грибами, 150г;189.99 ₽;https://lenta.com/product/oladi-pechenochnye-s-gribami-rossiya-150g-895674/
Готовая еда;Овощи здоровье, 200г;169.99 ₽;https://lenta.com/product/ovoshchi-zdorove-rossiya-200g-736512/
Готовая еда;Зразы картофельные ЛЕНТА FRESH Домашние с мясом, весовые;170.73 ₽;https://lenta.com/product/zrazy-domashnie-kartofelnye-s-myasom-ves-rossiya-368954/
Готовая еда;Спагетти с сосиской, 200г;149.99 ₽;https://lenta.com/product/spagetti-s-sosiskojj-rossiya-200g-712982/
Готовая еда;Закуска АМФУД Горошница со вкусом копченой индейки, 200г;99.99 ₽;https://lenta.com/product/zakuska-goroshnica-so-vkusom-kopchenojj-indejjki-rossiya-200g-692587/
Готовая еда;Салат Винегрет классический ЛЕНТА FRESH, 200г;99.99 ₽;https://lenta.com/product/salat-vinegret-klassicheskijj-rossiya-200g-646216/
Готовая еда;Суп РЕСТО ШИК из печеных томатов с креветками, 270г;262.49 ₽;https://lenta.com/product/sup-iz-pechenyh-tomatov-s-krevetkami-rossiya-270g-896529/
Готовая еда;Плов По-ташкентски, 300г;309.99 ₽;https://lenta.com/product/plov-po-tashkentski-rossiya-300g-721586/
Готовая еда;Пирог ЛЕНТА FRESH Сметанник, 390г;219.99 ₽;https://lenta.com/product/pirog-smetannik-sp-rossiya-390g-666944/
Готовая еда;Сырники ЛЕНТА FRESH Домашние, весовые;160.00 ₽;https://lenta.com/product/syrniki-domashnie-ves-rossiya-360047/
Готовая еда;Салат ЛЕНТА FRESH Сельдь под шубой классический, весовой;150.00 ₽;https://lenta.com/product/salat-seld-pod-shubojj-klassicheskijj-ves-rossiya-11404/
Готовая еда;Пирог ЛЕНТА FRESH с капустой, весовой;274.99 ₽;https://lenta.com/product/pirog-lenta-s-kapustojj-ves-sp-rossiya-141209/
Готовая еда;Удон ЛЕНТА FRESH с креветкой в устричном соусе, 240г;275.39 ₽;https://lenta.com/product/udon-s-krevetkojj-v-ustrichnom-souse-lenta-rossiya-240g-432273/
Готовая еда;Котлеты куриные ЛЕНТА FRESH, 200г;219.99 ₽;https://lenta.com/product/kotlety-kurinye-rossiya-200g-745643/
Готовая еда;Салат ЛЕНТА FRESH Провансаль с томленой говядиной и маринованными огурчиками, весовой;294.00 ₽;https://lenta.com/product/salat-s-tomljnojj-govyadinojj-i-marinovannymi-ogurchikami-ves-rossiya-60923/
Готовая еда;Салат ЛЕНТА FRESH По-восточному из капусты с куркумой, 200г;104.99 ₽;https://lenta.com/product/salat-kapusta-po-vostochnomu-s-kurkumojj-rossiya-200g-524601/
Готовая еда;Напиток Смузи банан-клубника-базилик безалкогольный, негазированный ЛЕНТА FRESH, 300мл;127.99 ₽;https://lenta.com/product/napitok-ba-negaz-smuzi-banan-klubnika-bazilik-rossiya-300ml-744534/
Готовая еда;Треска ЛЕНТА FRESH с овощами, весовая;360.00 ₽;https://lenta.com/product/treska-s-ovoshchami-ves-rossiya-377132/
Готовая еда;Салат ЛЕНТА FRESH Крабовый, весовой;141.00 ₽;https://lenta.com/product/salat-krabovyjj-ves-rossiya-11296/
Готовая еда;Салат ЛЕНТА FRESH Фреш с куриной грудкой, 150г;189.99 ₽;https://lenta.com/product/salat-fresh-s-kurinojj-grudkojj-rossiya-150g-686191/
Готовая еда;Антипасти BURENKA CLUB Томаты вяленые с мягким сыром в масле, 280г;389.99 ₽;https://lenta.com/product/antipasti-tomaty-vyalenye-s-myagkim-syrom-v-masle-rossiya-280g-728825/
Готовая еда;Салат ЛЕНТА FRESH Свекла с чесноком, весовой;120.00 ₽;https://lenta.com/product/salat-svekla-s-chesnokom-vesovojj-rossiya-11406/
Готовая еда;Филе горбуши под сыром;300.00 ₽;https://lenta.com/product/file-gorbushi-pod-syrom-rossiya-751477/
Готовая еда;Бефстроганов ЛЕНТА FRESH с картофельным пюре, 260г;259.99 ₽;https://lenta.com/product/befstroganov-s-kartofelnym-pyure-rossiya-260g-639523/
Готовая еда;Салат с запеченными овощами, весовой;300.00 ₽;https://lenta.com/product/salat-s-zapechennymi-ovoshchami-ves-rossiya-897650/
Готовая еда;Суп РЕСТО ШИК Борщ вегетарианский, 300г;169.99 ₽;https://lenta.com/product/sup-borshch-vegetarianskijj-ohl-rossiya-300g-884081/
Готовая еда;Салат с куриной грудкой ЛЕНТА FRESH, 200г;219.99 ₽;https://lenta.com/product/salat-s-kurinojj-grudkojj-rossiya-200g-734790/
Готовая еда;Салат ЛЕНТА FRESH Винегрет классический, весовой;120.00 ₽;https://lenta.com/product/salat-vinegret-klassicheskijj-ves-rossiya-94700/
Готовая еда;Антипасти BURENKA CLUB Желтый перчик с мягким сыром в масле, 260г;399.99 ₽;https://lenta.com/product/antipasti-zheltyjj-perchik-s-myagkim-syrom-v-masle-rossiya-260g-742406/
Готовая еда;Плов с курицей ЛЕНТА FRESH, 230г;169.99 ₽;https://lenta.com/product/plov-s-kuricejj-rossiya-230g-712466/
Готовая еда;Пирог ЛЕНТА FRESH с луком и яйцом, весовой;274.99 ₽;https://lenta.com/product/pirog-lenta-s-lukom-i-yajjcom-ves-sp-rossiya-181253/
Готовая еда;Сдобный крутень ЛЕНТА FRESH с начинкой фисташка;200.00 ₽;https://lenta.com/product/sdobnyjj-kruten-s-fistashkovojj-nachinkojj-rossiya-533243/
Готовая еда;Напиток Смузи банан-манго безалкогольный ЛЕНТА FRESH, 300мл;127.99 ₽;https://lenta.com/product/napitok-ba-smuzi-banan-mango-rossiya-300ml-744535/
Готовая еда;Суп РЕСТО ШИК Лагман с говядиной, 330г;229.99 ₽;https://lenta.com/product/sup-lagman-s-govyadinojj-rossiya-330g-878947/
Готовая еда;Цыпленок гриль ЛЕНТА FRESH, весовой;643.49 ₽;https://lenta.com/product/cyplenok-gril-ves-rossiya-43146/
Готовая еда;Блинчики ЛЕНТА FRESH с маслом, весовые;86.00 ₽;https://lenta.com/product/blinchiki-s-maslom-ves-rossiya-63467/
Готовая еда;Брускетта ЛЕНТА FRESH с карбонадом, салями и горчичным соусом, 250г;169.99 ₽;https://lenta.com/product/brusketta-s-karbonatom-salyami-i-gorchichnym-sousom-rossiya-250g-676768/
Готовая еда;Капуста ЛЕНТА FRESH По-восточному с куркумой, весовая;85.50 ₽;https://lenta.com/product/kapusta-po-vostochnomu-s-kurkumojj-sp-ves-rossiya-343907/
Готовая еда;Салат Свекла с чесноком ЛЕНТА FRESH, 200г;109.99 ₽;https://lenta.com/product/salat-svekla-s-chesnokom-rossiya-200g-734791/
Готовая еда;Салат ЛЕНТА FRESH из спаржи с морковью, 200г;149.99 ₽;https://lenta.com/product/salat-iz-sparzhi-s-morkovyu-rossiya-200g-524607/
Готовая еда;Салака жареная;210.00 ₽;https://lenta.com/product/salaka-zharenaya-rossiya-861430/
Готовая еда;Пирог ЛЕНТА FRESH с курицей, весовой;384.99 ₽;https://lenta.com/product/pirog-lenta-s-kuricejj-ves-sp-rossiya-176098/
Готовая еда;Пицца Мясная c халапеньо, 400г;399.99 ₽;https://lenta.com/product/picca-myasnaya-c-halapeno-rossiya-400g-718762/
Готовая еда;Бедра куриные гриль ЛЕНТА FRESH, весовые;274.50 ₽;https://lenta.com/product/bedra-kurinye-gril-ves-rossiya-61928/
Готовая еда;Салат ЛЕНТА FRESH Столичный, 200г;119.99 ₽;https://lenta.com/product/salat-stolichnyjj-rossiya-200g-646289/
Готовая еда;Рис с курицей терияки и брокколи ЛЕНТА FRESH, 250г;169.99 ₽;https://lenta.com/product/ris-s-kuricejj-teriyaki-i-brokkoli-rossiya-250g-654875/
Готовая еда;Жаркое из свинины по-домашнему ЛЕНТА FRESH , 300г;189.99 ₽;https://lenta.com/product/zharkoe-iz-svininy-po-domashnemu-rossiya-300g-515245/
Готовая еда;Суп РЕСТО ШИК Гороховый с копченостями, 300г;129.99 ₽;https://lenta.com/product/sup-gorohovyjj-s-kopchenostyami-rossiya-300g-866113/
Готовая еда;Салат из морской капусты ЛЕНТА FRESH с острой морковью, весовой;81.00 ₽;https://lenta.com/product/salat-iz-morskojj-kapusty-s-ostrojj-morkovyu-sp-ves-rossiya-458154/
Готовая еда;Стрипсы куриные ЛЕНТА FRESH Хрустящие, весовые;330.18 ₽;https://lenta.com/product/stripsy-kurinye-hrustyashchie-ves-rossiya-258662/
Готовая еда;Картошка-лепешка ЛЕНТА FRESH Карбонара, весовая;120.00 ₽;https://lenta.com/product/kartoshka-lepjshka-karbonara-ves-rossiya-604666/
Готовая еда;Филе куриное запеченное с томатами и картофелем Айдахо ЛЕНТА FRESH, 280г;239.99 ₽;https://lenta.com/product/kurinoe-file-zapechennoe-s-tomatami-s-kartofelem-ajjdaho-rossiya-280g-686095/
Готовая еда;Мойва жареная ЛЕНТА FRESH, весовая;219.00 ₽;https://lenta.com/product/gc-mojjva-zharenaya-ves-rossiya-87707/
Готовая еда;Паста карбонара, 250г;219.99 ₽;https://lenta.com/product/pasta-karbonara-rossiya-250g-712464/
Готовая еда;Мясо По-французски с рисом, 250г;169.99 ₽;https://lenta.com/product/myaso-po-francuzski-s-risom-rossiya-250g-712981/
Готовая еда;Картофель ЛЕНТА FRESH Айдахо, весовой;150.00 ₽;https://lenta.com/product/kartofel-ajjdaho-ves-rossiya-60715/
Готовая еда;Антипасти BURENKA CLUB Красный перчик с мягким сыром в масле, 260г;349.99 ₽;https://lenta.com/product/antipasti-krasnyjj-perchik-s-myagkim-syrom-v-masle-rossiya-260g-695653/
Готовая еда;Удон ЛЕНТА FRESH с курицей в соусе терияки, 240г;158.09 ₽;https://lenta.com/product/udon-s-kuricejj-v-souse-teriyaki-lenta-rossiya-240g-432271/
Готовая еда;Курица НАТУРБУФЕТ с рисом и овощами по-тайски, 250г;179.99 ₽;https://lenta.com/product/kurica-s-risom-i-ovoshchami-po-tajjski-rossiya-250g-386441/
Готовая еда;Хот-дог, 180г;129.99 ₽;https://lenta.com/product/hot-dog-rossiya-180g-717925/
Готовая еда;Филе цыпленка ЛЕНТА FRESH в сыре с пастой карбонара, 290г;249.99 ₽;https://lenta.com/product/file-cyplenka-v-syre-s-pastojj-karbonara-rossiya-290g-685946/
Готовая еда;Салат ЛЕНТА FRESH Метелка, весовой;80.00 ₽;https://lenta.com/product/salat-metelka-ves-rossiya-572682/
Готовая еда;Салат ЛЕНТА FRESH Оливье классический, весовой;168.00 ₽;https://lenta.com/product/salat-olive-klassicheskijj-vesovojj-rossiya-11556/
Готовая еда;Макароны НАТУРБУФЕТ По-флотски, 250г;169.99 ₽;https://lenta.com/product/makarony-po-flotski-rossiya-250g-539264/
Готовая еда;Каша рисовая с кокосовым молоком ЛЕНТА FRESH, 300г;94.99 ₽;https://lenta.com/product/kasha-risovaya-s-kokosovym-molokom-rossiya-300g-709270/
Готовая еда;Салат ЛЕНТА FRESH Цезарь, весовой;240.00 ₽;https://lenta.com/product/salat-cezar--ves-rossiya-176802/
Готовая еда;Крылышки куриные гриль ЛЕНТА FRESH по-мексикански, весовые;373.50 ₽;https://lenta.com/product/krylyshki-kurinye-gril-po-meksikanski-ves-rossiya-12830/
Готовая еда;Картофель Айдахо ЛЕНТА FRESH, 200г;149.99 ₽;https://lenta.com/product/kartofel-ajjdaho-rossiya-200g-736247/
Готовая еда;Плов ЛЕНТА FRESH с курицей, весовой;153.00 ₽;https://lenta.com/product/gc-plov-s-kuricejj-ves-rossiya-84257/
Готовая еда;Суп РЕСТО ШИК с куриными фрикадельками и пастой звездочки, 300г;139.99 ₽;https://lenta.com/product/sup-s-kurinymi-frikadelkami-i-pastojj-zvezdochki-rossiya-300g-866115/
Готовая еда;Салат Морковь по-корейски ЛЕНТА FRESH, 200г;99.99 ₽;https://lenta.com/product/salat-morkov-po-korejjski-rossiya-200g-524606/
Готовая еда;Кесадилья с курицей;214.20 ₽;https://lenta.com/product/kesadilya-s-kuricejj-rossiya-739426/
Готовая еда;Котлеты НАТУРБУФЕТ Мясные, 240г;223.99 ₽;https://lenta.com/product/kotlety-myasnye-rossiya-240g-665624/
Готовая еда;Салат ЛЕНТА FRESH Оливье классический, 200г;149.99 ₽;https://lenta.com/product/salat-olive-klassicheskijj-rossiya-200g-646288/
Готовая еда;Сырники с начинкой черная смородина, весовые;135.80 ₽;https://lenta.com/product/syrniki-s-nachinkojj-chernaya-smorodinagc-ves-rossiya-695836/
Готовая еда;Запеканка творожная ЛЕНТА FRESH Забава, весовая;160.00 ₽;https://lenta.com/product/zapekanka-tvorozhnaya-zabava-ves-rossiya-11912/
Готовая еда;Суп РЕСТО ШИК Щи из свежей капусты, 300г;159.99 ₽;https://lenta.com/product/sup-shchi-iz-svezhejj-kapusty-rossiya-300g-854153/
Готовая еда;Салат ЛЕНТА FRESH Столичный, весовой;180.00 ₽;https://lenta.com/product/salat-stolichnyjj-ves-rossiya-11557/
Готовая еда;Антипасти BURENKA CLUB Перчик ассорти с мягким сыром в масле, 260г;349.99 ₽;https://lenta.com/product/antipasti-perchik-assorti-s-myagkim-syrom-v-masle-rossiya-260g-742407/
Готовая еда;Карп жареный ЛЕНТА FRESH с луком и зеленью, весовой;441.00 ₽;https://lenta.com/product/karp-zharenyjj-s-lukom-i-zelenyu-ves-rossiya-478499/
Готовая еда;Сырники ЛЕНТА FRESH с яблочной начинкой, весовые;160.00 ₽;https://lenta.com/product/syrniki-s-yablochnojj-nachinkojj-ves-rossiya-587286/
Готовая еда;Паста Болоньезе ЛЕНТА FRESH, 270г;239.99 ₽;https://lenta.com/product/pasta-boloneze-rossiya-270g-515248/
Готовая еда;Томленая говядина с рассыпчатой гречкой ЛЕНТА FRESH, 270г;239.99 ₽;https://lenta.com/product/tomlenaya-govyadina-s-rassypchatojj-grechkojj-rossiya-270g-515243/
Готовая еда;Салат с кальмаром и крабовыми палочками, весовой;240.00 ₽;https://lenta.com/product/salat-s-kalmarom-i-krabovymi-palochkami-ves-rossiya-897651/
Готовая еда;Компот из сухофруктов ЛЕНТА FRESH, 500мл;101.99 ₽;https://lenta.com/product/kompot-iz-suhofruktov-rossiya-500ml-744536/
Готовая еда;Закуска ЛЕНТА FRESH Курица по-корейски, весовая;299.88 ₽;https://lenta.com/product/zakuska-kurica-po-korejjski-ves-rossiya-349564/
Готовая еда;Каша рисовая молочная, 300г;99.99 ₽;https://lenta.com/product/kasha-risovaya-molochnaya-rossiya-300g-709164/
Готовая еда;Салат ЛЕНТА FRESH Икра сельди с луком, весовой;410.00 ₽;https://lenta.com/product/salat-ikra-seldi-s-lukom-ves-rossiya-455214/
Готовая еда;Картофель отварной ЛЕНТА FRESH с укропом, весовой;102.00 ₽;https://lenta.com/product/kartofel-otvarnojj-s-ukropom-ves-rossiya-89400/
Готовая еда;Салат ЛЕНТА FRESH Оливье без майонеза, весовой;192.78 ₽;https://lenta.com/product/salat-olive-bez-majjoneza-ves-rossiya-248095/
Готовая еда;Суп-крем РЕСТО ШИК с тыквой и индейкой, 270г;159.99 ₽;https://lenta.com/product/sup-krem-s-tykvojj-i-indejjkojj-rossiya-270g-866114/
Готовая еда;Онигири FRESHCLUB Снежный краб с соусом Спайси, 100г;129.99 ₽;https://lenta.com/product/onigiri-snezhnyjj-krab-s-sousom-spajjsi-rossiya-100g-746944/
Готовая еда;Блинчики ЛЕНТА FRESH с ветчиной и сыром, весовые;120.00 ₽;https://lenta.com/product/blinchiki-s-vetchinojj-i-syrom-ves-rossiya-89406/
Готовая еда;Салат ЛЕНТА FRESH Неженка, весовой;137.70 ₽;https://lenta.com/product/salat-nezhenka-ves-rossiya-149076/
Готовая еда;Каша пшенная, 300г;114.99 ₽;https://lenta.com/product/kasha-pshennaya-rossiya-300g-729610/
Готовая еда;Котлета куриная ЛЕНТА FRESH с картофельным пюре и грибным соусом, 300г;199.99 ₽;https://lenta.com/product/kotleta-kurinaya-s-kartofelnym-pyure-i-gribnym-sousom-rossiya-300g-685945/
Готовая еда;Лимонад имбирный ЛЕНТА FRESH, 500мл;109.99 ₽;https://lenta.com/product/limonad-imbirnyjj-rossiya-500ml-743049/
Готовая еда;Картофель жареный ЛЕНТА FRESH с беконом, 300г;169.99 ₽;https://lenta.com/product/kartofel-zharenyjj-s-bekonom-rossiya-300g-515249/
Готовая еда;Котлета рыбная с картофельным пюре ЛЕНТА FRESH, 250г;209.99 ₽;https://lenta.com/product/kotleta-rybnaya-s-kartofelnym-pyure-rossiya-250g-712980/
Готовая еда;Шашлык куриный с запеченным картофелем ЛЕНТА FRESH, 280г;219.99 ₽;https://lenta.com/product/shashlyk-kurinyjj-s-zapechennym-kartofelem-rossiya-280g-736867/
Готовая еда;Салат ДОБРОСОТ Гребешки по-корейски, весовой;270.00 ₽;https://lenta.com/product/salat-grebeshki-po---korejjski-ves-rossiya-666778/
Готовая еда;Тушки варено-копченые куриные ЛЕНТА FRESH, весовые;766.99 ₽;https://lenta.com/product/tushki-kurinye-vareno-kopchenye-ves-rossiya-221638/
Готовая еда;Холодец ЛЕНТА FRESH По-домашнему, весовой;110.00 ₽;https://lenta.com/product/holodec-po-domashnemu-ves-rossiya-226814/
Готовая еда;Котлета ЛЕНТА FRESH с картофельным пюре, 250г;179.99 ₽;https://lenta.com/product/kotleta-s-kartofelnym-pyure-rossiya-250g-737329/
Готовая еда;Картофель томленый НАТУРБУФЕТ с мясом и овощами, 250г;169.99 ₽;https://lenta.com/product/kartofel-tomlenyjj-s-myasom-i-ovoshchami-rossiya-250g-384287/
Готовая еда;Салат ЛЕНТА FRESH Греческий с орегано, весовой;225.00 ₽;https://lenta.com/product/salat-grecheskijj-s-oregano-ves-rossiya-74472/
Готовая еда;Онигири FRESHCLUB Филадельфия, 100г;149.99 ₽;https://lenta.com/product/onigiri-filadelfiya-rossiya-100g-746945/
Готовая еда;Сэндвич ЛЕНТА FRESH с лососем слабосоленым, 140г;224.99 ₽;https://lenta.com/product/sendvich-s-lososem-ss-rossiya-140g-468444/
Готовая еда;Салат с креветками и запеченными овощами, весовой;510.00 ₽;https://lenta.com/product/salat-s-krevetkami-i-zapechennymi-ovoshchami-ves-rossiya-897652/
Готовая еда;Яйцо перепелиное копченое ЛЕНТА FRESH, 15шт;199.99 ₽;https://lenta.com/product/yajjco-perepelinoe-kopchenoe-belarus-15sht-857500/
Готовая еда;Брускетта ЛЕНТА FRESH с сочным куриным филе и соусом цезарь, 250г;198.99 ₽;https://lenta.com/product/brusketta-s-sochnym-kurinym-file-i-sousom-cezar-rossiya-250g-676771/
Готовая еда;Салат ЛЕНТА FRESH Гнездо глухаря, весовой;276.00 ₽;https://lenta.com/product/salat-gnezdo-gluharya-ves-rossiya-82933/
Готовая еда;Минтай жареный ЛЕНТА FRESH, весовой;168.00 ₽;https://lenta.com/product/mintajj-zharenyjj-vesovojj-rossiya-84263/
Готовая еда;Салат ЛЕНТА FRESH Мимоза с горбушей, весовой;247.50 ₽;https://lenta.com/product/salat-mimoza-s-gorbushejj-ves-rossiya-83142/
Готовая еда;Салат ЛЕНТА FRESH Курочка с нежным куриным филе и сочным ананасом, весовой;270.00 ₽;https://lenta.com/product/salat-kurochka-s-nezhnym-kurinym-file-i-sochnym-ananasom-ves-rossiya-11554/
Готовая еда;Пирог ЛЕНТА FRESH с мясом, весовой;439.99 ₽;https://lenta.com/product/pirog-lenta-s-myasom-ves-sp-rossiya-176101/
Готовая еда;Рис отварной ЛЕНТА FRESH, 200г;114.99 ₽;https://lenta.com/product/ris-otvarnojj-rossiya-200g-736513/
Готовая еда;Салат ЛЕНТА FRESH Сельдь с луком, весовой;240.00 ₽;https://lenta.com/product/salat-seld-s-lukom-ves-rossiya-83236/
Готовая еда;Свинина ЛЕНТА FRESH Богатырь, весовой;300.00 ₽;https://lenta.com/product/svinina-bogatyr-ves-rossiya-100629/
Готовая еда;Сырники ЛЕНТА FRESH Домашние с начинкой вареная сгущенка, весовые;160.00 ₽;https://lenta.com/product/syrniki-domashnie-s-nachinkojj-varenaya-sgushchenka-ves-rossiya-587283/
Готовая еда;Салат ЛЕНТА FRESH Овощной букет, весовой;150.00 ₽;https://lenta.com/product/salat-ovoshchnojj-buket-ves-rossiya-452285/
Готовая еда;Ролл ЛЕНТА FRESH Шаверма, 200г;183.99 ₽;https://lenta.com/product/roll-shaverma-lenta-rossiya-200g-382711/
Готовая еда;Селедочка ЛЕНТА FRESH по-русски, весовая;189.00 ₽;https://lenta.com/product/seledochka-po-russki-ves-rossiya-547448/
Готовая еда;Оладушки МИРАТОРГ Домашние, 100г;69.99 ₽;https://lenta.com/product/oladushki-domashnie-rossiya-100g-745521/
Готовая еда;Капуста квашеная БЕЛОРУЧКА с морковью;75.00 ₽;https://lenta.com/product/kapusta-kvashenaya-s-morkovyu-rossiya-81030/
Готовая еда;Салат ЛЕНТА FRESH Монастырский, весовой;134.70 ₽;https://lenta.com/product/salat-monastyrskijj-ves-rossiya-11283/
Готовая еда;Греча отварная ЛЕНТА FRESH, 200г;74.99 ₽;https://lenta.com/product/grecha-otvarnaya-rossiya-200g-736246/
Готовая еда;Морковь ЛЕНТА FRESH По-корейски, весовая;138.00 ₽;https://lenta.com/product/morkov-po-korejjski-ves-rossiya-371927/
Готовая еда;Салат ЛЕНТА FRESH Грация, весовой;330.00 ₽;https://lenta.com/product/salat-graciya-ves-rossiya-120837/
Готовая еда;Паста пенне в томатном соусе с куриными фрикадельками ЛЕНТА FRESH, 340г;299.99 ₽;https://lenta.com/product/pasta-penne-v-tomatnom-souse-s-kurinymi-frikadelkami-rossiya-340g-686178/
Готовая еда;Картофель жареный ЛЕНТА FRESH с грибами, весовой;177.00 ₽;https://lenta.com/product/kartofel-zharenyjj-s-gribami-vesovojj-rossiya-87711/
Готовая еда;Салат ЛЕНТА FRESH Выборгский с говяжьим языком, весовой;330.00 ₽;https://lenta.com/product/salat-vyborgskijj-s-govyazhim-yazykom-ves-rossiya-93955/
Готовая еда;Рулетики ЛЕНТА FRESH Праздничные, весовые;285.00 ₽;https://lenta.com/product/ruletiki-prazdnichnye-ves-rossiya-74718/
Готовая еда;Плов из свинины ЛЕНТА FRESH, весовой;135.00 ₽;https://lenta.com/product/plov-iz-svininy-vesovojj-rossiya-11818/
Готовая еда;Салат ЛЕНТА FRESH Шаверма, весовой;162.18 ₽;https://lenta.com/product/salat-shaverma-ves-rossiya-658411/
Готовая еда;Шампиньоны маринованные БЕЛОРУЧКА, весовые;306.00 ₽;https://lenta.com/product/griby-shampinony-marinovannye-ves-rossiya-237946/
Готовая еда;Салат БЕЛОРУЧКА Витаминный, весовой;100.50 ₽;https://lenta.com/product/salat-vitaminnyjj-rossiya-191555/
Готовая еда;Каша гречневая ЛЕНТА FRESH с луком, весовая;50.49 ₽;https://lenta.com/product/kasha-grechnevaya-s-lukom-ves-rossiya-426443/
Готовая еда;Каша овсяная на молоке, 300г;114.99 ₽;https://lenta.com/product/kasha-ovsyanaya-na-moloke-rossiya-300g-729619/
Готовая еда;Морс из черноплодной рябины ЛЕНТА FRESH, 500мл;99.99 ₽;https://lenta.com/product/mors-iz-chernoplodnojj-ryabiny-rossiya-500ml-715429/
Готовая еда;Плов По-ташкентски, весовой;261.00 ₽;https://lenta.com/product/plov-po-tashkentski-lotok-ves-rossiya-721857/
Готовая еда;Пицца Пепперони, 360г;399.99 ₽;https://lenta.com/product/picca-pepperoni-rossiya-360g-718764/
Готовая еда;Брускетта ЛЕНТА FRESH с сочным куриным филе и горчичным соусом, 250г;199.99 ₽;https://lenta.com/product/brusketta-s-sochnym-kurinym-file-i-gorchichnym-sousom-rossiya-250g-676770/
Готовая еда;Окорочка куриные гриль ЛЕНТА FRESH, весовые;270.00 ₽;https://lenta.com/product/okorochka-kurinye-gril-ves-rossiya-337026/
Готовая еда;Отбивная из курицы ЛЕНТА FRESH По-княжески, весовая;302.73 ₽;https://lenta.com/product/kurinaya-otbivnaya-po-knyazheski-ves-rossiya-174196/
Готовая еда;Пирог ЛЕНТА FRESH с красной рыбой, весовой;549.99 ₽;https://lenta.com/product/pirog-lenta-s-krasnojj-rybojj-ves-sp-rossiya-149300/
Готовая еда;Бургер МИРАТОРГ Ангус с горчичным соусом, 160г;164.99 ₽;https://lenta.com/product/angus-burger-s-gorchichnym-sousom-ohl-rossiya-160g-627194/
Готовая еда;Сэндвич сэт ЛЕНТА FRESH с ветчиной и курицей, 170г;149.99 ₽;https://lenta.com/product/sendvich-set-s-vetchinojj-i-kuricejj-rossiya-170g-557512/
Готовая еда;Блинчики ЛЕНТА FRESH с грибами, весовые;116.00 ₽;https://lenta.com/product/gc-blinchiki-s-gribami-ves-rossiya-200241/
Готовая еда;Салат ЛЕНТА FRESH Деревенский с курицей, весовой;244.80 ₽;https://lenta.com/product/salat-derevenskijj-s-kuricejj-i-gribochkami-ves-rossiya-60921/
Готовая еда;Фунчоза ЛЕНТА FRESH По-восточному с овощами, весовая;122.40 ₽;https://lenta.com/product/funchoza-po-vostochnomu-s-ovoshchami-ves-rossiya-344417/
Готовая еда;Пицца Карбонара, 360г;399.99 ₽;https://lenta.com/product/picca-karbonara-rossiya-360g-718766/
Готовая еда;Филе куриное ЛЕНТА FRESH в кисло-сладком соусе с овощами, весовое;240.00 ₽;https://lenta.com/product/kurinoe-file-v-kislo-sladkom-souse-s-ovoshchami-ves-rossiya-224446/
Готовая еда;Свинина ЛЕНТА FRESH по-монастырски, весовая;283.50 ₽;https://lenta.com/product/svinina-po-monastyrski-ves-rossiya-83157/
Готовая еда;Ролл ЛЕНТА FRESH Цезарь, 200г;204.99 ₽;https://lenta.com/product/roll-cezar-lenta-rossiya-200g-382712/
Готовая еда;Рис ЛЕНТА FRESH с овощами, весовой;105.00 ₽;https://lenta.com/product/ris-s-ovoshchami-ves-rossiya-590269/
Готовая еда;Тофу-паштет АМФУД с вялеными помидорами и прованскими травами, 200г;179.99 ₽;https://lenta.com/product/tofu-pashtet-s-vyalenymi-pomidorami-i-provanskimi-travami-rossiya-200g-692648/
Готовая еда;Блинчики ЛЕНТА FRESH с курицей, весовые;155.00 ₽;https://lenta.com/product/gc-blinchiki-s-kuricejj-ves-rossiya-200244/
Готовая еда;Сдобный крутень ЛЕНТА FRESH с вареной сгущенкой;268.00 ₽;https://lenta.com/product/sdobnyjj-kruten-varenaya-sgushchenka-rossiya-533239/
Готовая еда;Салат ЛЕНТА FRESH Фреш с лососем, 200г;234.59 ₽;https://lenta.com/product/salat-fresh-s-lososem-200g-rossiya-200g-539538/
Готовая еда;Фрикадельки куриные ЛЕНТА FRESH, весовые;225.00 ₽;https://lenta.com/product/frikadelki-kurinye-ves-rossiya-380329/
Готовая еда;Салат ЛЕНТА FRESH Витаминный, весовой;110.40 ₽;https://lenta.com/product/salat-vitaminnyjj-ves-rossiya-11282/
Готовая еда;Суп РЕСТО ШИК Похлебка грибная, 270г;159.99 ₽;https://lenta.com/product/sup-pohlebka-gribnaya-rossiya-270g-866495/
Готовая еда;Капуста квашеная ЛЕНТА FRESH с морковью и клюквой, весовая;87.00 ₽;https://lenta.com/product/kapusta-kvashenaya-s-morkovyu-i-klyukvojj-ves-rossiya-191457/
Готовая еда;Салат ЛЕНТА FRESH Кудесница, весовой;168.30 ₽;https://lenta.com/product/salat-kudesnica-ves-rossiya-82929/
Готовая еда;Опята маринованные БЕЛОРУЧКА, весовые;300.00 ₽;https://lenta.com/product/opyata-marinovannye-ves-rossiya-191507/
Готовая еда;Морс клюквенный ЛЕНТА FRESH, 500мл;109.99 ₽;https://lenta.com/product/mors-klyukvennyjj-rossiya-500ml-715430/
Готовая еда;Блинчики ЛЕНТА FRESH с яйцом и луком, весовые;92.00 ₽;https://lenta.com/product/gc-blinchiki-s-yajjcom-i-lukom-ves-rossiya-369721/
Готовая еда;Картофель фри ЛЕНТА FRESH, весовой;180.00 ₽;https://lenta.com/product/kartofel-fri-ves-rossiya-228115/
Готовая еда;Салат из спаржи ЛЕНТА FRESH, весовой;183.00 ₽;https://lenta.com/product/salat-iz-sparzhi-sp-ves-rossiya-436023/
Готовая еда;Салат ЛЕНТА FRESH Крабовый, 200г;139.99 ₽;https://lenta.com/product/salat-krabovyjj-rossiya-200g-646217/
Готовая еда;Сэндвич ЛЕНТА FRESH с карбонадом, 140г;119.99 ₽;https://lenta.com/product/sendvich-s-karbonadom-rossiya-140g-442475/
Готовая еда;Пицца Цыпленок-барбекю, 400г;399.99 ₽;https://lenta.com/product/picca-cyplenok---barbekyu-rossiya-400g-718763/
Готовая еда;Салат ЛЕНТА FRESH Фасолька с говядиной, весовой;229.50 ₽;https://lenta.com/product/salat-fasolka-s-govyadinojj-ves-rossiya-452849/
Готовая еда;Лазанья МИРАТОРГ Болоньезе с сыром в соусе Бешамель, 350г;179.99 ₽;https://lenta.com/product/lazanya-boloneze-s-syrom-v-souse-beshamel-rossiya-350g-668147/
Готовая еда;Салат ЛЕНТА FRESH гранатовый браслет;159.80 ₽;https://lenta.com/product/salat-granatovyjj-braslet-rossiya-599688/
Готовая еда;Напиток брусничный ЛЕНТА FRESH, 500мл;94.99 ₽;https://lenta.com/product/napitok-bezalkogolnyjj-negazirovannyjj-brusnichnyjj-rossiya-500ml-715422/
Готовая еда;Пицца ЛЕНТА FRESH Венеция, 230г;154.99 ₽;https://lenta.com/product/picca-veneciya-sp-rossiya-230g-520041/
Готовая еда;Камбала жареная ЛЕНТА FRESH, весовая;440.00 ₽;https://lenta.com/product/gc-kambala-zharenaya-ves-rossiya-84254/
Готовая еда;Котлеты куриные ЛЕНТА FRESH, весовые;327.03 ₽;https://lenta.com/product/kotlety-kurinye-zharenye-ves-rossiya-218501/
Готовая еда;Капуста тушеная ЛЕНТА FRESH, весовая;107.10 ₽;https://lenta.com/product/gc-kapusta-tushenaya-ves-rossiya-200328/
Готовая еда;Студень говяжий ЛЕНТА FRESH, весовой;219.80 ₽;https://lenta.com/product/studen-govyazhijj-ves-rossiya-12451/
Готовая еда;Салат ЛЕНТА FRESH Лисенок, весовой;120.00 ₽;https://lenta.com/product/salat-lisenok-ves-rossiya-259205/
Готовая еда;Бифштекс с картофелем по-деревенски, 200г;179.99 ₽;https://lenta.com/product/bifshteks-s-kartofelem-po-derevenski-rossiya-200g-712785/
Готовая еда;Салат БЕЛОРУЧКА Фунчоза с овощами, весовой;126.00 ₽;https://lenta.com/product/salat-funchoza-s-ovoshchami-ves-rossiya-526778/
Готовая еда;Пельмешки ЛЕНТА FRESH к пиву, весовые;120.00 ₽;https://lenta.com/product/gc-pelmeshki-k-pivu-ves-rossiya-70504/
Готовая еда;Тефтели в томатном соусе с макаронами ЛЕНТА FRESH, 250г;169.99 ₽;https://lenta.com/product/tefteli-v-tomatnom-souse-s-makaronami-rossiya-250g-736866/
Готовая еда;Салат ЛЕНТА FRESH Жар-Птица;198.90 ₽;https://lenta.com/product/salat-zhar-ptica-rossiya-134998/
Готовая еда;Морковь По-корейски, весовая;138.00 ₽;https://lenta.com/product/morkov-po-korejjski-rossiya-99166/
Готовая еда;Окорочка варено-копченые куриные ЛЕНТА FRESH, весовые;270.00 ₽;https://lenta.com/product/okorochka-kurinye-vareno-kopchenye-ves-rossiya-221574/
Готовая еда;Котлеты ЛЕНТА FRESH Домашние рубленные жареные, весовые;270.00 ₽;https://lenta.com/product/kotlety-domashnie-rublennye-zharenye-ves-rossiya-582414/
Готовая еда;Сдобный крутень ЛЕНТА FRESH с творогом и вишневой начинкой;240.00 ₽;https://lenta.com/product/sdobnyjj-kruten-vishnyatvorog-rossiya-533245/
Готовая еда;Вареники ЛЕНТА FRESH с картофелем и грибами, весовые;127.50 ₽;https://lenta.com/product/vareniki-s-kartofelem-i-gribami-ves-rossiya-175234/
Готовая еда;Салат ЛЕНТА FRESH Немецкий с ветчиной и жаренным луком, весовой;192.90 ₽;https://lenta.com/product/salat-nemeckijj-s-vetchinojj-i-zharennym-lukom-ves-rossiya-84260/
Готовая еда;Сэндвич ЛЕНТА FRESH с ветчиной и сыром, 170г;142.79 ₽;https://lenta.com/product/sendvich-s-vetchinojj-i-syrom-rossiya-170g-442476/
Готовая еда;Пицца с ветчиной и грибами, 400г;399.99 ₽;https://lenta.com/product/picca-s-vetchinojj-i-gribami-rossiya-400g-718873/
Готовая еда;Салат ЛЕНТА FRESH Спаржа по-корейски;210.00 ₽;https://lenta.com/product/salat-sparzha-po-korejjski-rossiya-79926/
Готовая еда;Сырники ЛЕНТА FRESH с вишневой начинкой, весовые;160.00 ₽;https://lenta.com/product/syrniki-s-vishnevojj-nachinkojj-ves-rossiya-587285/
Готовая еда;Салат ЛЕНТА FRESH с горбушей горячего копчения;214.20 ₽;https://lenta.com/product/salat-s-gorbushejj-goryachego-kopcheniya-rossiya-698484/
Готовая еда;Морс облепиховый ЛЕНТА FRESH, 500мл;109.99 ₽;https://lenta.com/product/mors-oblepihovyjj-rossiya-500ml-715431/
Готовая еда;Сэндвич ЛЕНТА FRESH с курицей и яйцом, 170г;204.99 ₽;https://lenta.com/product/sendvich-s-kuricejj-i-yajjcom-rossiya-170g-468446/
Готовая еда;Пирог с творожной начинкой, 350г;349.99 ₽;https://lenta.com/product/pirog-s-tvorozhnojj-nachinkojj-rossiya-350g-720700/
Готовая еда;Блинчики ЛЕНТА FRESH с мясом, весовые;138.00 ₽;https://lenta.com/product/blinchiki-s-myasom-ves-rossiya-12676/
Готовая еда;Блинчик ЛЕНТА FRESH с сыром и лососем, весовой;200.00 ₽;https://lenta.com/product/blinchik-s-syrom-i-lososem-ves-rossiya-570211/
Готовая еда;Спагетти ЛЕНТА FRESH По-восточному с овощами, весовые;171.00 ₽;https://lenta.com/product/spagetti-po-vostochnomu-s-ovoshchami-ves-rossiya-354563/
Готовая еда;Груздь черный маринованный, весовой;300.00 ₽;https://lenta.com/product/gruzd-chernyjj-marinovannyjj-ves-rossiya-191550/
Готовая еда;Оладьи ЛЕНТА FRESH Золотой петушок, весовые;275.40 ₽;https://lenta.com/product/oladi-zolotojj-petushok-vesovojj-rossiya-89162/
Готовая еда;Салат из спаржи ЛЕНТА FRESH с морковью, весовой;249.00 ₽;https://lenta.com/product/salat-iz-sparzhi-s-morkovyu-ves-rossiya-100631/
Готовая еда;Голубцы ленивые ЛЕНТА FRESH, весовые;180.00 ₽;https://lenta.com/product/gc-golubcy-lenivye-ves-rossiya-74401/
Готовая еда;Суп РЕСТО ШИК Щи русские с мясом, 300г;179.99 ₽;https://lenta.com/product/sup-shchi-russkie-s-myasom-ohl-rossiya-300g-854152/
Готовая еда;Сэндвич ЛЕНТА FRESH с тунцом, 180г;179.99 ₽;https://lenta.com/product/sendvich-s-tuncom-rossiya-180g-557511/
Готовая еда;Капуста ЛЕНТА FRESH ассорти по-японски, весовая;114.00 ₽;https://lenta.com/product/kapusta-assorti-po-yaponski-ves-rossiya-82039/
Готовая еда;Салат ЛЕНТА FRESH Фреш с курицей, 200г;219.99 ₽;https://lenta.com/product/salat-fresh-s-kuricejj-200g-rossiya-200g-539537/
Готовая еда;Биточки из индейки ЛЕНТА FRESH рубленные жареные, весовые;300.00 ₽;https://lenta.com/product/bitochki-iz-indejjki-ves-rossiya-582412/
Готовая еда;Томаты ТРАДИЦИИ ВКУСА соленые зеленые;96.00 ₽;https://lenta.com/product/tomaty-solenye-zelenye-rossiya-730728/
Готовая еда;Отбивная из курицы ЛЕНТА FRESH в сыре, весовая;360.00 ₽;https://lenta.com/product/kurinaya-otbivnaya-v-syre-ves-rossiya-83153/
Готовая еда;Салат из свеклы ЛЕНТА FRESH с черносливом, весовой;100.00 ₽;https://lenta.com/product/salat-iz-svekly-s-chernoslivom-ves-rossiya-11762/
Готовая еда;Салат ЛЕНТА FRESH Нежный, весовой;300.00 ₽;https://lenta.com/product/salat-nezhnyjj-ves-rossiya-11293/
Готовая еда;Цыпленок По-пекински;280.00 ₽;https://lenta.com/product/cyplenok-po-pekinski-rossiya-888438/
Готовая еда;Пицца 4 сыра, 360г;399.99 ₽;https://lenta.com/product/picca-4-syra-rossiya-360g-718765/
Готовая еда;Котлета рыбная, 200г;199.99 ₽;https://lenta.com/product/kotleta-rybnaya-rossiya-200g-740345/
Готовая еда;Салат ЛЕНТА FRESH Сеул, весовой;90.00 ₽;https://lenta.com/product/salat-seul-ves-rossiya-578452/
Готовая еда;Булгур с грибами ЛЕНТА FRESH СП до 1кг;449.99 ₽;https://lenta.com/product/bulgur-s-gribami-rossiya-903062/
Готовая еда;Кускус с овощами ЛЕНТА FRESH СП до 1кг;549.99 ₽;https://lenta.com/product/kuskus-s-ovoshchami-rossiya-903063/
Готовая еда;Соус ЛЕНТА FRESH Чесночный, весовой;80.00 ₽;https://lenta.com/product/gc-sous-chesnochnyjj-ves-rossiya-295452/
Готовая еда;Кофе ЛЕНТА FRESH Эспрессо, 100мл;69.99 ₽;https://lenta.com/product/kofe-espresso-rossiya-100ml-706214/
Готовая еда;Кофе ЛЕНТА FRESH Латте, 250мл;99.99 ₽;https://lenta.com/product/kofe-latte-rossiya-250ml-706261/
Готовая еда;Кофе ЛЕНТА FRESH Американо большой, 230мл;54.99 ₽;https://lenta.com/product/kofe-amerikano-bolshojj-rossiya-230ml-706308/
Готовая еда;Кофе ЛЕНТА FRESH с молоком, 250мл;89.99 ₽;https://lenta.com/product/kofe-s-molokom-rossiya-250ml-706319/
